beta,gamma,surface,time
0.3,0.001,25,11.59591794013977
0.3,0.001,25,11.726836442947388
0.3,0.001,25,11.966495752334595
0.3,0.001,25,12.10641884803772
